,Name,Code,ICAO
0,21 Air,2I,CSB
1,247 Aviation,,EMC
2,2Excel Aviation,,BRO
3,4 Airways,,DAK
4,40-Mile Air,Q5,MLA
5,748 Air Services,FE,IHO
6,9 Air,AQ,JYH
7,Abakan Air,S5,NKP
8,ABS Jets,,ABP
9,Abu Dhabi Aviation,,BAR
10,ABX Air,GB,ABX
11,Acass Ireland,,SON
12,Advanced Air,AN,WSN
13,Aegean Airlines,A3,AEE
14,Aer Lingus,EI,EIN
15,Aer Lingus UK,EG,EUK
16,AerCaribe,JK,ACL
17,Aero,5E,BLK
18,Aero,N2,NIG
19,Aero Asahi Corporation,,AKF
20,Aero Charter,,GLT
21,Aero Charter and Transport,,CTA
22,Aero Dili,8G,DTL
23,Aero FlightOps UK,FO,UKA
24,Aero Guernsey,,AEO
25,Aero K,RF,EOK
26,Aero Mongolia,M0,MNG
27,Aero Nomad,KA,ANK
28,Aero Sotravia,,ASR
29,Aero Ways,,TKK
30,Aero-Beta Flight Training,,ABA
31,Aero-Dienst,,ADN
32,Aeroavila Transortes Aereos,,KKA
33,Aeroflot,SU,AFL
34,AeroGuard Flight Training Center,,ASI
35,Aeroitalia,XZ,AEZ
36,Aerojet Tomza,,EZI
37,Aerolineas Argentinas,AR,ARG
38,Aerolineas Ejecutivas,,LET
39,Aerolineas Sosa,P4,NSO
40,Aerolink Uganda,A8,XAU
41,AeroLogic,3S,BOX
42,Aeromas,UY,MSM
43,Aeromexico,AM,AMX
44,Aeromexico Connect,5D,SLI
45,Aeronaves TSM,,VTM
46,Aeropartner,,DFC
47,Aeropyrenees,,EAP
48,Aeroregional,6G,RER
49,Aeroservicios Avila,,VEA
50,Aeroservicios de la Costa,,TAA
51,Aerostan,KW,BSC
52,Aerosucre,A4,KRE
53,Aerosul Linhas Aereas,,ASO
54,Aerotec,,AEP
55,Aerotours,,ATU
56,Aerotranscargo,F5,ATG
57,AeroUnion,6R,TNO
58,Aerovias DAP,V5,DAP
59,Aerovis Airlines,,VIZ
60,Aeroways,,MCK
61,Aerus,ZV,RFD
62,AF-Aviation,,AFF
63,Africa Airlines,,AAT
64,Africa Charter Airline,,FSK
65,Africa World Airlines,AW,AFW
66,African Express Airways,XU,AXK
67,Afrijet,J7,ABS
68,Afriqiyah Airways,8U,AAW
69,Aims Community College,,RTY
70,Air 1st Aviation,,RUF
71,Air Adelphi,,MUS
72,Air Albania,ZB,ABN
73,Air Algerie,AH,DAH
74,Air Alliance,,AYY
75,Air Alsie,6I,MMD
76,Air Anka,6K,TAH
77,Air Arabia,G9,ABY
78,Air Arabia Abu Dhabi,3L,ADY
79,Air Arabia Egypt,E5,RBG
80,Air Arabia Maroc,3O,MAC
81,Air Astana,KC,KZR
82,Air Astra,2A,AWA
83,Air Atlanta Europe,CT,AAE
84,Air Atlanta Icelandic,CC,ABD
85,Air Austral,UU,REU
86,Air Baltic,BT,BTI
87,Air Belgium,KF,ABB
88,Air Bohemia,,BOH
89,Air Borealis,,LBR
90,Air Botswana,BP,BOT
91,Air Burkina,2J,VBW
92,Air Busan,BX,ABL
93,Air Cairo,SM,MSC
94,Air Caledonie,TY,TPC
95,Air Canada,AC,ACA
96,Air Canada Rouge,RV,ROU
97,Air Caraibes,TX,FWI
98,Air Caraïbes Atlantique,,CAJ
99,Air Care Alliance,,CMF
100,Air Cargo Carriers,2Q,SNC
101,Air Central,GI,LHA
102,Air Century,Y2,CEY
103,Air Changan,9H,CGN
104,Air Charity Network,,NGF
105,Air Charter Scotland,,EDC
106,Air Charter Scotland Europe,,SCO
107,Air Charters Europe,,AGR
108,Air Chathams,3C,CVA
109,Air China,CA,CCA
110,Air China Cargo,,CAO
111,Air China Inner Mongolia,,CNM
112,Air Class,,QCL
113,Air Corporate,,CPV
114,Air Corsica,XK,CCM
115,Air Cote d'Ivoire,HF,VRE
116,Air Creebec,YN,CRQ
117,Air Deccan,,DKN
118,Air Dilijans,RM,NGT
119,Air Djibouti,DJ,DJB
120,Air Do,HD,ADO
121,Air Dolomiti,EN,DLA
122,Air Eagle,,EPE
123,Air Europa,UX,AEA
124,Air Europa Express,X5,OVA
125,Air Excel,,XLL
126,Air Falcon,FS,FPK
127,Air Flamenco,F4,WAF
128,Air France,AF,AFR
129,Air France Hop,A5,HOP
130,Air Ghana,,GHN
131,Air Greenland,GL,GRL
132,Air Hong Kong,LD,AHK
133,Air Horizont,HT,HAT
134,Air Incheon,KJ,AIH
135,Air India,AI,AIC
136,Air India Express,IX,AXB
137,Air Inuit,3H,AIE
138,Air Japan,NQ,AJX
139,Air Key West,,KWX
140,Air Kiribati,IK,AKL
141,Air Koryo,JS,KOR
142,Air Leisure,AL,ALD
143,Air Liaison,DU,LSJ
144,Air Libya,7I,TLR
145,Air Loyaute,,RLY
146,Air Macau,NX,AMU
147,Air Macran,,AMH
148,Air Madagascar,MD,MDG
149,Air Manas,ZM,MBB
150,Air Mauritius,MK,MAU
151,Air Mediterranean,MV,MAR
152,Air Methods,,LIF
153,Air Moana,NM,NTR
154,Air Montenegro,4O,MNE
155,Air Mountain,,AMT
156,Air New Zealand,NZ,ANZ
157,Air Niugini,PX,ANG
158,Air North,4N,ANT
159,Air Nostrum,YW,ANE
160,Air Nunavut,,BFF
161,Air Ocean Maroc,,AOM
162,Air Panama,7P,PST
163,Air Peace,P4,APK
164,Air Premia,YP,APZ
165,Air Rarotonga,GZ,RAR
166,Air Safaris,,SRI
167,Air Saint-Pierre,PJ,SPM
168,Air Samarkand,9S,UZS
169,Air Senegal,HC,SZN
170,Air Seoul,RS,ASV
171,Air Seychelles,HM,SEY
172,Air Sphinx,,ASD
173,Air Spray,,ASB
174,Air Sunshine,,RSI
175,Air Tahiti,VT,VTA
176,Air Tahiti Nui,TN,THT
177,Air Tanzania,TC,ATC
178,Air Taxi & Charter International,,IBJ
179,Air Tetiaroa,,TOA
180,Air Thanlwin,ST,RTL
181,Air Tindi,8T,TIN
182,Air Transat,TS,TSC
183,Air Transport Europe,,EAT
184,Air Transport International,8C,ATN
185,Air Travel,A6,OTC
186,Air Urga,3N,URG
187,Air Vanuatu,NF,AVN
188,Air Volta,,VLB
189,Air Wisconsin,ZW,AWI
190,Air X Charter,,AXY
191,Air Zimbabwe,UM,AZW
192,Air-Glaciers,,AGV
193,Air-Taxi Europe,,TWG
194,Air1Air,,INA
195,Air65 Aviation,,FGB
196,AirACT,9T,RUN
197,AirAsia,AK,AXM
198,AirAsia Cambodia,KT,CAM
199,AirAsia X,D7,XAX
200,AirBlue,PA,ABQ
201,AirBridgeCargo Airlines,RU,ABW
202,Airbus,,AIB
203,Airbus Beluga Transport,,BCO
204,Airbus Transport International,4Y,BGA
205,Aircalin,SB,ACI
206,AirConnect,KS,KON
207,Aircraft Management Group,,RVJ
208,Aireon Canada,,AEN
209,Airest,,AEG
210,AirExplore,ED,AXE
211,Airfast Indonesia,FS,AFE
212,AirGO Private Airline,,XGO
213,Airhub Airlines,RE,GJM
214,Airkenya Express,P2,XAK
215,Airlec Air Espace,,ARL
216,Airlift,,ALI
217,Airlift International,,AIR
218,Airlink,,JAR
219,Airlink,4Z,LNK
220,AirMaster,MR,RMX
221,Airmax,,MMX
222,AirNet,,USC
223,Airnorth,TL,ANO
224,Airpac Airlines,,APC
225,AirPink,,PNK
226,AirSERBIA,JU,ASL
227,AirSF Flight Services,,XSN
228,AirShare,,XSR
229,AirSial,PF,SIF
230,AirSmart,,XSM
231,AirSprint,,ASP
232,Airstream,,AQS
233,AirSWIFT,T6,ATX
234,AirTanker,9L,TOW
235,Airtask,,DCT
236,AirTraffic,,ATY
237,Airwaze,,WZE
238,Airwork,,AWK
239,AIS Airlines,,PNX
240,Aitheras Aviation Group,,PXG
241,AIX Connect,I5,IAD
242,AJet,VF,TKJ
243,Akasa Air,QP,AKJ
244,Al-Atheer Aviation,,ATE
245,Alante Air Charter,,SVL
246,Alaska Airlines,AS,ASA
247,Alaska Central Express,KO,AER
248,AlbaStar,,LAV
249,Albatros Airlines,G0,GAL
250,Albawings,2B,AWT
251,Albinati Aeronautics,,LUC
252,Albinati Aviation,,ULC
253,Alexandria Airlines,DQ,KHH
254,Alexjets San Marino,,AXJ
255,Alfa Airlines,5E,AAJ
256,Algonquin Airlink,,FSY
257,Alidaunia,D4,LID
258,Aliserio,,TJD
259,ALK Airlines,,VBB
260,Alkan Air,,ALN
261,Alkan Air,,AKN
262,All Nippon Airways,NH,ANA
263,Allegiant Air,G4,AAY
264,Alliance Air,9I,LLR
265,Alliance Airlines,QQ,UTY
266,Alliance Executive Jets,,ALE
267,Allied Air,4W,AJK
268,AlMasria Universal Airlines,UJ,LMU
269,Aloha Air Cargo,KH,AAH
270,AlpAvia,AL,APP
271,Alpha Aviation,,AAO
272,Alphaland Aviation,,BIC
273,AlphaSky,AS,JAG
274,Alpi Jets,,ALX
275,Alpine Air Express,5A,AIP
276,Alpine Flightservice,,FSE
277,Alrosa,6R,DRU
278,Altagna,,AGH
279,Altius Aviation,,STY
280,Amakusa Airlines,MZ,AHX
281,AMC Airlines,,AMV
282,AMC Aviation,,AMQ
283,Amelia,8R,AIA
284,Amelia International,NL,AEH
285,American Air Charter,,GTW
286,American Airlines,AA,AAL
287,American Jet,,AJB
288,American Jet International,,SCM
289,Ameriflight,A8,AMF
290,Amerijet International,M6,AJT
291,Ameristar,7Z,AJI
292,AMREF Flying Doctors,,FDS
293,AMS Airlines,,GEO
294,ANA Wings,EH,AKX
295,Anap Jets,,AJP
296,Anderson Air,,ADS
297,Andes Lineas Aereas,O4,ANS
298,Angara Airlines,,AGU
299,Anguilla Air Services,Q3,AXL
300,Animawings,A2,AWG
301,Antonov Airlines,,ADB
302,APG Airlines,GP,RIV
303,Arajet,DM,DWI
304,Arc en Ciel,,JMS
305,Archer Air,,AXR
306,Arcus Air,,AZE
307,Argentina - Air Force,,FAG
308,Ariana Afghan Airlines,FG,AFG
309,Ariella,EL,RIE
310,Arik Air,W3,ARA
311,Arkhangelsk Airlines,,OAO
312,Arkia Israeli Airlines,IZ,AIZ
313,Armenia Airways,6A,AMW
314,Armenian Airlines,JI,AAG
315,Aruba Airlines,AG,ARU
316,ASAS Linhas Aereas,,CEU
317,Ascend Airways,,SYG
318,ASG Business Aviation,,ESW
319,Asia Cargo Airlines,GM,TMG
320,Asia Pacific Airlines,P9,MGE
321,Asia Sky Lines,,LIC
322,Asia Union Airlines,,AUV
323,Asian Express Airlines,RS,TXP
324,Asian Express General Aviation Wuxi,,WUA
325,Asiana Airlines,OZ,AAR
326,Asky Airlines,KP,SKK
327,ASL Airlines,,ABR
328,ASL Airlines Australia,PH,SFZ
329,ASL Airlines Belgium,3V,TAY
330,ASL Airlines France,5O,FPO
331,ASL Airlines UK,,ABV
332,Asta Linhas Aereas,0A,SUL
333,Astonjet,,AJD
334,Astonjet,,ASJ
335,Astral Aviation,8V,ACP
336,ATA Airlines,I3,TBZ
337,ATI Jet,,CYO
338,Atlantic Airways,RC,FLI
339,Atlas Air,5Y,GTI
340,Atlas Air Service,,ATL
341,ATP Flight School,,CXK
342,ATR,,EVX
343,Atran,V8,VAS
344,Auckland Rescue Helicopter,,WPR
345,Auric Air,UI,AUK
346,Aurigny Air Services,GR,AUR
347,Aurora,HZ,SHU
348,Australia - Customs,,CUS
349,Australia - Federal Police,,FPL
350,Australia - Royal Australian Air Force,,ASY
351,Austria - Air Force,,ASF
352,Austrian Airlines,OS,AUA
353,Av8Jet,,AJO
354,AVA Airlines,,AXV
355,Avalair Aircraft Management,,ARR
356,Avanti Air,,ATV
357,Avcenter,,TTE
358,Avcon Jet,,AOJ
359,Avcon Jet Malta,,VCJ
360,Avcon Jet San Marino,,VAJ
361,Avelo Airlines,XP,VXP
362,Avia Traffic,YK,AVJ
363,Aviacon Zitotrans,ZR,AZS
364,Avianca,AV,AVA
365,Avianca Cargo,QT,TPA
366,Avianca Costa Rica,LR,LRC
367,Avianca Ecuador,2K,GLG
368,Avianca El Salvador,TA,TAI
369,Avianca Express,EX,AVR
370,Avianca Guatemala,GU,GUG
371,Aviastar,,VIT
372,Aviastar-TU,4B,TUP
373,Aviation Advisor,,LKF
374,Aviation Horizons,ZS,HZS
375,Aviator College,,WCP
376,Aviatsa,,VVT
377,Avincis,,INR
378,Avincis Aviation Italia,,ELH
379,Avincis Aviation Norway,,BNO
380,Avincis Aviation Portugal,,BBO
381,Avincis Aviation Sweden,,DFL
382,Avion Express,X9,NVD
383,Avion Express Malta,4X,MLH
384,Avionord,,VND
385,Avior Airlines,9V,ROI
386,Aviostart,,VSR
387,AWA,,WEY
388,Awesome Cargo,A7,WIN
389,AXIS Aviation,,BQA
390,Axis Aviation San Marino,,AXS
391,Azerbaijan Airlines,J2,AHY
392,Azimut,,MOM
393,Azimuth,A4,AZO
394,Azman Air,ZU,AZM
395,Azores Airlines,S4,RZO
396,Aztec Airways,AJ,AZY
397,Azul Conecta,2F,ACN
398,Azul Linhas Aereas,AD,AZU
399,Azur Air,ZF,AZV
400,B.J. Aviation,,JSG
401,BA CityFlyer,CJ,CFE
402,BA Euroflyer,A0,EFW
403,Babcock,,RHD
404,Babcock MCS France,,PTH
405,Backcountry Aviation,,SQH
406,Baden Aircraft Operations,,BAO
407,Badr Airlines,J4,BDR
408,BAe Systems,,BAE
409,BAe Systems Marine,,VSB
410,Bahamasair,UP,BHS
411,Bairline,,BRJ
412,Baker Aviation,,KOW
413,Bamboo Airways,QH,BAV
414,Bangkok Airways,PG,BKP
415,BankAir,,BKA
416,Bar XH Air,,BXH
417,Baron Aviation Services,,BVN
418,Bassaka Air,5B,BSX
419,Batik Air,ID,BTK
420,Batik Air Malaysia,OD,MXD
421,BBN Airlines,B5,BBT
422,BBN Airlines Indonesia,7B,BBL
423,Bearskin Airlines,JV,BLS
424,Bees Airlines,BS,BES
425,Beijing Airlines,,BJN
426,Bel Air Aviation,,BBX
427,Belavia,B2,BRU
428,Belgium - Air Force,,BAF
429,Belgium - Coast Guard,,BCG
430,Belgium - Gendarmerie,,GDB
431,Belgium - Navy,,NYB
432,BellAir,,TCN
433,Bemidji Airlines,CH,BMJ
434,Beond,B4,BYD
435,Bering Air,8E,BRG
436,Berjaya Air,J8,BVT
437,BermudAir,2T,BMA
438,Berniq Airways,NB,BNL
439,Berry Aviation,,BYA
440,Bestfly Aruba,,BFY
441,Bestfly Cabo Verde,3B,BCV
442,BH Air,8H,BGH
443,Bhutan Airlines,B3,BTN
444,Big Bend Community College,,BGB
445,Bighorn Airways,,BHR
446,Biman Bangladesh Airlines,BG,BBC
447,BinAir,,BID
448,Binani Air,,BGL
449,Binter Canarias,NT,IBB
450,Bioflight,,BIO
451,Blackbird Air,,BBB
452,Blessings Aviation,,TJJ
453,Blue Bird Aviation,,BLB
454,Blue Dart Aviation,BZ,BDA
455,Blue Islands,SI,BCI
456,Blue Square Aviation,,BSG
457,Bluebird Airways,BZ,BBG
458,Bluebird Aviation,,BBZ
459,Bluebird Nordic,BO,BBD
460,Bluesky Airways,,BSF
461,BlueSky Aviation,,SBK
462,Boeing,,BOE
463,Boliviana de Aviacion,OB,BOV
464,Bombardier,,BBA
465,Bonza,AB,BNZ
466,Bookajet,,BOO
467,Boutique Air,4B,BTQ
468,BRA,TF,BRX
469,Braathens International Airways,TT,BIX
470,Braspress Air Cargo,,BPC
471,Bravo Airways,,BAY
472,Brazil - Air Force,,BRS
473,Brazil - Army,,EXB
474,Brazil - Navy,,MBR
475,Breeze Airways,MX,MXY
476,Bridger Aerospace,,BGR
477,Bridges Air Cargo,5B,BRD
478,Brilliant Jet,,TXJ
479,Bristow Helicopters,,BHL
480,Bristow Nigeria,,BHN
481,Bristow Norway,,NOR
482,Bristow US,,BTZ
483,British Airways,BA,BAW
484,British Airways Shuttle,,SHT
485,British International Helicopters,,BRT
486,Bromma Air Maintenance,,CFL
487,Brussels Airlines,SN,BEL
488,Budapest Aircraft Service,RP,BPS
489,Buddha Air,U4,BHA
490,Budget Lines,BD,BGN
491,Buffalo Airways,J0,BFL
492,Bul Air,LB,BVL
493,Bulgaria - Air Force,,AFB
494,Bulgaria - Government,,BGF
495,Bulgaria Air,FB,LZB
496,Buraq Air,UZ,BRQ
497,Burkina Faso - Government,,BFA
498,Business Aviation Asia,UN,UNA
499,Business Wings,,JMP
500,Buzz,RR,RYS
501,BySky,,BYS
502,C&M Airways,,RWG
503,CAA,BU,DBP
504,Cabo Verde Airlines,VR,TCV
505,CAE,,CSR
506,CAE,,OXF
507,Caicos Express Airways,9Q,CXE
508,Calm Air,MO,CAV
509,Calstar,,CMD
510,Camair-Co,QC,CRC
511,Cambodia Airways,KR,KME
512,Cambodia Angkor Air,K6,KHV
513,CAMEX Adria Airlines,,CMM
514,Camex Airlines,Z7,CMS
515,Canada - Coast Guard,,CTG
516,Canada - Department of Transport,,TGO
517,Canada - Ontario Ministry of Natural Resources,,ONT
518,Canada - Royal Canadian Air Force,,CFC
519,Canada - Royal Canadian Mounted Police,,SST
520,Canada - Saskatchewan Air Ambulance Service,,SLG
521,Canadian Airways Congo,,TWC
522,Canadian North,5T,AKT
523,Canair,,RSC
524,CanaryFly,PM,CNF
525,Canavia,,CNA
526,Canlink Aviation,,MFC
527,CanWest Air,,CWA
528,Cape Air,9K,KAP
529,Capital Air Ambulance,,EGL
530,Capital Airlines,JD,CBJ
531,Capital City Air Carriers,,CCQ
532,Cardig Air,7D,CAD
533,CareFlight,,CFH
534,Cargo Air,,CGF
535,Cargo Three,C3,CTW
536,Cargojet Airways,W8,CJT
537,Cargolux,CV,CLX
538,Cargolux Italia,C8,ICV
539,Caribbean Airlines,BW,BWA
540,Carlisle Air Group,,CCK
541,Carpatair,V3,KRP
542,Carson Air,,CRN
543,Caspian Airlines,RV,CPN
544,Castle Aviation,,CSJ
545,Cat Aviation,,CAZ
546,Cathay Pacific,CX,CPA
547,Catreus,,VCG
548,Cavok Air,,CVK
549,Cayman Airways,KX,CAY
550,CB SkyShare,,CBC
551,Cebgo,DG,SRQ
552,Cebu Pacific,5J,CEB
553,Ceiba Intercontinental,,CEL
554,CemAir,5Z,KEM
555,Centene Management Company,,TMP
556,Central Air Southwest,,CTL
557,Central Airlines,I9,HLF
558,Central Mountain Air,9M,GLR
559,Centreline,,CLF
560,Cerium Air,,CAQ
561,Chabahar Airlines,,IRU
562,Chair Airlines,GM,GSW
563,Chalair Aviation,CE,CLG
564,Challenge Air Cargo,X6,CHZ
565,Challenge Airlines BE,X7,CHG
566,Challenge Airlines IL,5C,ICL
567,Cham Wings Airlines,,SAW
568,Charter Jets,,LTC
569,Chartright Air,,HRT
570,CHC Helicopter,,HMB
571,CHC Helicopters Netherlands,,HNL
572,CHC Helicopters Nigeria,,ATQ
573,CHC Helikopter Service,,HKS
574,CHC International,,GCY
575,Chengdu Airlines,EU,UEA
576,Chervon,,GLH
577,Chicago Jet Group,,WDY
578,China - Air Force,,CKJ
579,China - Civil Aviation Administration,,CFI
580,China Airlines,CI,CAL
581,China Cargo Airlines,CK,CKK
582,China Eastern Airlines,MU,CES
583,China Express Airlines,G5,HXA
584,China Postal Airlines,CF,CYZ
585,China Southern Airlines,CZ,CSN
586,China Southern Cargo,,CSG
587,China United Airlines,KN,CUA
588,Chodang University,,CDQ
589,Chongqing Airlines,OQ,CQN
590,Chrono Aviation,MB,NDL
591,Chrono Jet,MB,MBK
592,Cinnamon Air,C7,CIN
593,Circadian Aviation,,CYC
594,CITIC Offshore Helicopter,,CHC
595,Citilink,QG,CTV
596,City Airlines,VL,LHX
597,Cityjet,WX,BCY
598,Civil Air Patrol,,CAP
599,Class Aviation,,DUC
600,Clic,VE,EFY
601,ClipperJet,,ORO
602,CM Airlines,H5,OMT
603,CMA CGM AirCargo,2C,CMA
604,Coastal Aviation,CQ,CSV
605,Cobalt Air,CO,FCB
606,Cobham Aviation Services Australia,,NJS
607,Colombia - Air Force,,FAC
608,Colorful Guizhou Airlines,GY,CGZ
609,Comlux,,CLA
610,Comlux Aruba,CS,CXB
611,Comlux Kazakhstan,,KAZ
612,Comlux Malta,,MLM
613,CommuteAir,C5,UCA
614,Compagnia Aeronautica Italiana,,CPI
615,Compass Cargo Airlines,HQ,ADZ
616,Conair,,FGD
617,Condor,DE,CFG
618,Congo Airways,8Z,CGA
619,Conquest Air,C4,QAI
620,Constanta Airline,,UZA
621,Contour Aviation,LF,VTE
622,Conviasa,V0,VCV
623,Copa Airlines,CM,CMP
624,Copenhagen Airtaxi,,CAT
625,Corendon Airlines,XC,CAI
626,Corendon Airlines Europe,XR,CXI
627,Corendon Dutch Airlines,CD,CND
628,Corporate Air,,CPT
629,Corporate Air,,MLN
630,Corporate Jet,,PHJ
631,Corsair,SS,CRL
632,Costa Rica - Ministry of Public Security,,MSP
633,Costa Rica Green Airways,GW,CRG
634,Coulson Aviation,,CUL
635,Cristalux,7Z,AUZ
636,Croatia - Air Force,,HRZ
637,Croatia Airlines,OU,CTN
638,Cronos Airlines,C8,CRA
639,Cronos Airlines Benin,C9,CKL
640,Crown Airlines,FQ,CWN
641,Crystal Air,,CYT
642,CSA Air,,IRO
643,CSI Aviation,,CSI
644,CSM Aviation,,TOG
645,Cubana,CU,CUB
646,Cygnus Air,,RGN
647,Cyprus Airways,CY,CYP
648,Czech Airlines,OK,CSA
649,Czechia - Air Force,,CEF
650,Czechia - Government,,CIE
651,Daallo Airlines,D3,DAO
652,Dalian Airlines,,CCD
653,Dan Air,DN,JOC
654,Dana Air,9J,DAN
655,DAS Private Jets,,DWW
656,Dassault Falcon Service,,DSO
657,DAT,DX,DTR
658,DAT LT,R6,DNU
659,DB Aviation,,DBT
660,DC Aviation,,DCW
661,DC Aviation,,DCS
662,DC Aviation San Marino,,DCU
663,DEA Aviation,,WKT
664,Deer Jet,,DER
665,Deer Jet Beijing,,BDJ
666,Delta Air Lines,DL,DAL
667,Delta State University,,DSU
668,Denmark - Army,,DAR
669,Denmark - Navy,,DNY
670,Denmark -Air Force,,DAF
671,Desert Jet,,DJR
672,Desert Wings Aviation,,DWA
673,DesertAir Alaska,,DAZ
674,Deucalion Aviation,,DLN
675,Dexter Air Taxi,,DXT
676,DHL,D0,DHK
677,DHL Aero Expreso,D5,DAE
678,DHL Air Austria,Q7,DHA
679,DHL Aviation EEMEA,ES,DHX
680,Diamond Sky,,DMS
681,Dillon Aero,,KTY
682,Discover Airlines,4Y,OCN
683,Divi Divi Air,3R,DVR
684,Donghai Airlines,DZ,EPA
685,Dornier Aviation Nigeria Aiep,DO,DAV
686,Douniah Airlines,DH,DTS
687,DragonFly Executive,,CBM
688,Dreamline Aviation,,DLX
689,DRF Luftrettung,1I,AMB
690,Dronamics Europe Airlines,OY,DXE
691,Druk Air,KB,DRK
692,Dubai Air Wing,,DUB
693,Duke Energy Business Services,,GGW
694,E+S Air,,CAH
695,E-Aviation,,EFD
696,E-Cargo Airlines,RF,ERF
697,EADS CASA,,AED
698,Eagle Air,,EGE
699,Eagle Air,,EGU
700,Eagle Air Iceland,,FEI
701,Eagle Creek Aviation,,EGC
702,EagleMed,,EMD
703,East Coast Jets,,ECJ
704,East Wing,,EWZ
705,East-West Express,,EWU
706,Eastar Jet,ZE,ESR
707,Eastern Air Express,,BBQ
708,Eastern Airlines,,EAL
709,Eastern Airways,T3,EZE
710,Eastern Australia Airlines,,EAQ
711,Easy Charter,RD,LOL
712,easyJet,U2,EZY
713,easyJet Europe,EC,EJU
714,easyJet Switzerland,DS,EZS
715,EATIS,,SRK
716,Eclair Aviation,,ECC
717,ECO Airlines,,EKO
718,EcoJet,8J,ECO
719,Ecuador - Air Force,,FAE
720,Edelweiss Air,WK,EDW
721,EGT Jet,,EGT
722,Egypt - Air Force,,EGY
723,Egyptair,MS,MSR
724,Egyptair Cargo,,MSX
725,EJM Europe,,JME
726,El Al,LY,ELY
727,Elangeni,,ELG
728,Electra Airways,,EAF
729,Elemental Aviation,,MWH
730,Elifriulia,,EFG
731,Elilombarda,,EOA
732,Eliossola,,EOS
733,Elitaliana,,ELA
734,Elitavia,,EAV
735,Elitavia Malta,MA,EAU
736,Elite Air,,ELZ
737,Elite Airways,7Q,MNU
738,Elitellina,,FGS
739,Elthuraya Aviation,,FIB
740,Embraer,,EMB
741,Embry-Riddle Aeronautical University,,ERU
742,Emerald Airlines,EA,EAI
743,Emerald Airlines UK,,EAG
744,Emetebe,,EMT
745,Emirates,EK,UAE
746,Emirates Flight Training Academy,,EFC
747,Emperor Aviation,,EMM
748,Empire Airlines,EM,CFS
749,Empire Aviation,,MJE
750,Empresa Publica de Transporte Aereo Militar,,EPT
751,Empyreal Jet,,RLJ
752,ENAC Ecole Aviation Civile,,NAK
753,Encore Air Cargo,,DKT
754,Endeavor Air,9E,EDV
755,Enter Air,E4,ENT
756,Envoy,MQ,ENY
757,Epic Flight Academy,,EPI
758,Epsilon Aviation,,GRV
759,Era Helicopters,,ERH
760,Estafeta,E7,ESF
761,Estelar,ES,ETR
762,Estonia - Air Force,,EEF
763,Eswatini Air,RN,SZL
764,ETF Airways,LI,EZZ
765,Ethiopian Airlines,ET,ETH
766,Etihad Airways,EY,ETD
767,Euro Link,,EUL
768,Euro-Asia Air,5B,EAK
769,EuroAtlantic Airways,YU,MMZ
770,Eurocopter Deutschland,,RDF
771,European Air Charter,H6,BUC
772,European Air Transport,QY,BCS
773,European Cargo,SE,URO
774,European Flight Academy,,PTO
775,European Flight Service,,EUW
776,European Flyers,,FYS
777,European SAO,,EKT
778,Eurowings,EW,EWG
779,Eurowings Europe,E6,EWL
780,EVA Air,BR,EVA
781,Everts Air Alaska,5V,VTS
782,EWA Air,ZD,EWR
783,Excellent Air,,ECA
784,Exclusive Aviation,,REE
785,Execuflight,,EFT
786,Execujet Middle East,,EJO
787,Execujet Scandinavia,,VMP
788,Executive Airlink,,ENK
789,Executive Aviation Corporation,,SIY
790,Executive Jet Charter,,EXJ
791,Executive Jet Management,,EJM
792,Exploits Valley Air Services,8K,EVS
793,Express Air Cargo,7A,XRC
794,Express Freighters Australia,QE,EFA
795,Exxaero,,XRO
796,Eznis Airways,MG,EZA
797,Ezy Airlines,,EZT
798,FAI rent-a-jet,,IFA
799,Falcon Aviation Services,,FVS
800,Fanjet Express,7F,FJE
801,Farmingdale State University,,FDL
802,Fast Air,,PBR
803,Fastjet,FN,FJW
804,FedEx,FX,FDX
805,Fenix Air Charter,,FNX
806,Feuerwehr-Flugdienst Niedersachsen,,FFD
807,Fiji Airways,FJ,FJI
808,Fiji Link,,FJA
809,Finistair,,FTR
810,Finland - Air Force,,FNF
811,Finland - Border Guard,,FNG
812,Finnair,AY,FIN
813,FinnHEMS,,FIH
814,Firefly,FY,FFM
815,First Air,7F,FAB
816,First Nation Airways,,FRN
817,FitsAir,8D,EXV
818,Flair Airlines,F8,FLE
819,Fleet Air International,,FRF
820,Flexflight,W2,FXT
821,Flexjet,,LXJ
822,Flexjet Europe,,FLJ
823,Flexjet Operations Malta,,FJO
824,Flight Calibration Services,,FCK
825,Flight Calibration Services,,VOR
826,Flight Choice,,FCE
827,Flight Fast Track,,FTT
828,Flight options,,OPT
829,Flight Training Europe,,AYR
830,FlightExec,,FEX
831,Flightline,,FTL
832,Flightlink,YS,FLZ
833,Flightpath Charter Airways,,KNT
834,Flightworks,,FWK
835,Florida Air Cargo,,FAS
836,Florida Flyers Flight Academy,,FFY
837,Fltplan,,DCM
838,Flugfelag Islands,NY,FXI
839,Fly 7,,FSF
840,Fly Across,,ACW
841,Fly Air41,,BER
842,Fly AllWays,8W,EDR
843,Fly ALS,,ALW
844,Fly Angola,EQ,FLA
845,Fly Baghdad,IF,FBA
846,Fly Jet KZ,,FJK
847,Fly Khiva,D3,KFH
848,Fly Oya,YI,OYA
849,Fly Pro,FP,PVV
850,Fly Sky Airlines,,FSQ
851,Fly Sky Airlines,,FSU
852,Fly Tyrol,,FTY
853,Fly Yemen Airlines,,FYO
854,Fly-Coop Air Service,,FCA
855,Fly2Sky,F6,VAW
856,Fly4 Airlines,,FFA
857,Fly540,5H,FFV
858,Fly91,IC,GOA
859,Flyadeal,F3,FAD
860,FlyArystan,,AYN
861,FlyBig,S9,FLG
862,Flybondi,FO,FBZ
863,FlyDubai,FZ,FDB
864,FlyEgypt,FT,FEG
865,flyExclusive,,JRE
866,FlyGTA Airlines,SX,TOR
867,Flying Business Aviation,,FBX
868,Flying Service,,FYG
869,Flyinggroup,,FYL
870,FlyJinnah,9P,FJL
871,Flylili,FL,LIL
872,FlyMe,VP,VQI
873,FlyMontserrat,5M,MNT
874,FlyNamibia,WV,FLN
875,Flynas,XY,KNE
876,FlyOne,5F,FIA
877,FlyOne Armenia,3F,FIE
878,FlyOne Romania,OE,FOE
879,FlyPelican,FP,FRE
880,FlySafair,FA,SFR
881,FlySchool,,FSM
882,FlyWales,,PYN
883,Fort Aero,,FRX
884,Four Corners Aviation,,ULA
885,Fox Aviation,,FIX
886,FR Aviation,,FRA
887,France - Air Force,,FAF
888,France - Air Forces Command,,CTM
889,France - Army,,FMY
890,France - Customs,,FDO
891,France - Navy,,FNY
892,France - Securite Civile,,FRU
893,Franconia Air Service,,FRC
894,Freebird Airlines,FH,FHY
895,Freebird Airlines Europe,MI,FHM
896,Freedom Airline Express,4F,FDT
897,Freedom Airline Express,4K,SMK
898,Freight Runners Express,,FRG
899,French Bee,BF,FBU
900,Frontier,F9,FFT
901,FROST Air,,FRO
902,FTL Airlines,C0,FGO
903,Fuji Dream Airlines,JH,FDA
904,Fuzhou Airlines,FU,FZA
905,FX TerraDynamics,,FTX
906,GainJet,,GNJ
907,Galistair Infinite Aviation,8S,GTR
908,Gama Aviation,,GMA
909,Gama Aviation Cayman,,GKY
910,Gama Aviation UAE,,GSH
911,Garuda Indonesia,GA,GIA
912,Gazpromavia,4G,GZP
913,Gelix Airlines,,GAI
914,Gelix Airlines,,GLX
915,General Atomic AeroTech Systems,,DOR
916,Genex,,GNX
917,Genghis Khan Airlines,9D,NMG
918,Georgian Airlines,GH,IGT
919,Georgian Airways,A9,TGZ
920,Georgian Aviation University,,AUG
921,Geosky,D4,GEL
922,German Airways,ZQ,GER
923,Germanwings,4U,GWI
924,Germany - Air Ambulance,,CHX
925,Germany - Air Force,,GAF
926,Germany - Army,,GAM
927,Germany - DLR Flugbetriebe,,LFO
928,Germany - Navy,,GNY
929,Gesellschaft Fur Flugzieldarstellung,,GFD
930,Gestair,,GES
931,Gestair Aviation Malta,,GSM
932,Getjet Airlines,GW,GJT
933,Getjet Airlines Latvia,,DML
934,Ghadames Air Transport,NJ,GMS
935,Ghana - Air Force,,GHF
936,Global Air Charters,,GJE
937,Global Air Transport,5S,GAK
938,Global Airways,,GBL
939,Global Aviation,,MSS
940,Global Aviation Burkina Faso,,GBF
941,Global Jet Austria,,GLJ
942,Global Jet Luxembourg,,SVW
943,Global Reach Aviation,,GAV
944,Global Wings,,GWW
945,Global X,G6,GXA
946,GlobeAir,,GAC
947,Go First,G8,GOW
948,Go Jet Aviation,,GYS
949,Go2Sky,6G,RLX
950,GoJet ,G7,GJS
951,GOL Linhas Aereas,G3,GLO
952,Goldeck Flug,,GDK
953,Gouvernement du Quebec,,QUE
954,GP Aviation,IV,GPX
955,Grafair,,GFM
956,Grand Canyon Airlines,YR,CVU
957,Grand China Air,CN,GDC
958,Grant Aviation,GV,GUN
959,Greater Bay Airlines,HB,HGB
960,Greece - Air Force,,HAF
961,Greece - Army,,HLA
962,Greece - Navy,,HNA
963,Green Africa Airways,Q9,GWG
964,Greybird Aviation,,GAG
965,Gryphon Air,,GRG
966,GTA Air,,GTX
967,Gulf Air,GF,GFA
968,Gulf and Caribbean Cargo,IF,TSU
969,Gulf Wings,,GWC
970,GullivAir,G2,GBG
971,Gum Air,,GUM
972,Guna Airlines,,GUA
973,GX Airlines,GX,CBG
974,Hahn Air,HR,HHN
975,Hai Au Aviation,,HAI
976,Hainan Airlines,HU,CHH
977,Hala Air,HG,HTP
978,Halla Airlines,,HGA
979,Hangar 8,,HGR
980,Hanseo University,,HSF
981,Harmony Jets,,HMJ
982,Haute Aviation,,BOM
983,Haute Aviation,,HUE
984,Hawaiian Airlines,HA,HAL
985,Hebei Airlines,NS,HBH
986,Heli Air Monaco,YO,MCM
987,Heli Air Services,,HLR
988,Heli Holland,,HHE
989,Heli Securite,,HLI
990,Heli Service International,,HSO
991,Héli-Union,,HLU
992,Helicol,,HEL
993,Helijet International,,JBA
994,Helistar,,HTS
995,Helistar,,HSR
996,Helitrans,,HDR
997,HELITY Copter Airlines,,HTY
998,Hello Jets,H3,HLJ
999,Helvetic Airways,2L,OAW
1000,Hera Flight,,HER
1001,Hermes Airlines,H3,HRM
1002,Heron Aviation,,HRN
1003,Heston Airlines,HN,HST
1004,Hi Fly,5K,HFY
1005,Hi Fly Malta,3L,HFM
1006,Hibernian Airlines,HG,HBN
1007,Himalaya Airlines,H9,HIM
1008,Hinterland Aviation,OI,HND
1009,HiSky,H7,HYM
1010,HiSky Europe,H4,HYS
1011,HK express,UO,HKE
1012,HNV Cote d'Ivoire,,HNZ
1013,Hokkaido Air System,,NTH
1014,Holiday Europe,5Q,HES
1015,Hong Kong - Government Flying Service,,GFS
1016,Hong Kong Air Cargo,RH,HKC
1017,Hong Kong Airlines,HX,CRK
1018,Hop-A-Jet,,HPJ
1019,Horizon Air,QX,QXE
1020,HTM Helicopter Travel Munich,,HTM
1021,Hummingbird Aviation,,ETI
1022,Humo Air,HJ,USW
1023,Hungary - Air Force,,HUF
1024,Hunnu Air,MR,MML
1025,Hydro Quebec,0Q,HYD
1026,Hyperion Aviation,,HYP
1027,I-Fly,F7,RSY
1028,I-Fly Air,,IFY
1029,iAero Airways,WQ,SWQ
1030,IAS Medical,,MDI
1031,IASCO Flight Training,,MMY
1032,IBC Airways,II,CSQ
1033,Iberia,IB,IBE
1034,Iberia Express,I2,IBS
1035,Iberojet,E9,EVE
1036,Ibex Airlines,FW,IBX
1037,Ibom Air,QI,IAN
1038,Icar Air,,RAC
1039,Iceland - Coast Guard,,ICG
1040,Icelandair,FI,ICE
1041,ICS-Aero,,ICF
1042,IFL Group,,IFL
1043,Ikar,EO,KAR
1044,Image Air Charter,,BMG
1045,ImperialJet,,JTI
1046,India - Air Force,,IFC
1047,Indiana State University,,ISU
1048,IndiaOne Air,I7,IOA
1049,IndiGo,6E,IGO
1050,Indonesia AirAsia,QZ,AWQ
1051,Initium Aviation,,INI
1052,Inner Mongolia Express,,IME
1053,iNTAIRLINE,,ITI
1054,Intel Air Shuttle,,HGT
1055,InterCaribbean Airways,JY,IWY
1056,InterJet West,K8,IJW
1057,International Committee of the Red Cross,,RED
1058,International Jet Management,,IJM
1059,IrAero,IO,IAE
1060,Iran Air,IR,IRA
1061,Iran Airtour,B9,IRB
1062,Iran Aseman Airlines,EP,IRC
1063,Iraq Gate Company,,IGC
1064,Iraqi Airways,IA,IAW
1065,Irving Oil Transport,,KCE
1066,Island Wings,,IWL
1067,Israir Airlines,6H,ISR
1068,ITA Airways,AZ,ITY
1069,Italfly,,ITL
1070,Italy - Air Force,,IAM
1071,Italy - Army,,IEI
1072,Italy - Coast Guard,,GCI
1073,Italy - Navy,,MMI
1074,iXAir,,IXR
1075,Izhavia,I8,IZA
1076,JA Air Charter,,LTD
1077,Jackson Demolition Service,,JDS
1078,Jambojet,JM,JMA
1079,Japan Air Commuter,JC,JAC
1080,Japan Airlines,JL,JAL
1081,Japan Transocean Air,NU,JTA
1082,Jayawijaya Dirgantara,,JWD
1083,Jazeera Airways,J9,JZR
1084,Jazz Aviation,QK,JZA
1085,JC Bamford Excavators,,JCB
1086,Jeju Air,7C,JJA
1087,Jet Aviation Business Jets,PP,PJS
1088,Jet Aviation Business Jets Deutschland,,JBD
1089,Jet Aviation Flight Services,,JAS
1090,Jet Charter,N2,JCT
1091,Jet Concierge Club,,JCO
1092,Jet Edge,,EDG
1093,Jet Executive,,JEI
1094,Jet Fly Airline,,JFL
1095,Jet It,,JIT
1096,Jet Linx Aviation,JL,JTL
1097,Jet Logistics,,JLG
1098,Jet Net Services,,JNS
1099,Jet OUT,,CRE
1100,Jet Sky Airways,,JTK
1101,Jet Story,,JDI
1102,Jet Test International,,JTN
1103,Jet View,,JVW
1104,Jet2,LS,EXS
1105,Jetair Caribbean,4J,JRC
1106,Jetbee Czech,,JBC
1107,JetBlue,B6,JBU
1108,Jetcall,,JCL
1109,Jetconnect,,QNZ
1110,JetFlite,,JEF
1111,Jetfly Aviation,,JFA
1112,JetHouse,,JTH
1113,Jetkontor,,JKH
1114,Jetlines,AU,CJL
1115,JetNetherlands,,JNL
1116,JetNEXA,,JNX
1117,Jetology,,JTY
1118,JetRight,,JRT
1119,Jetset,,CEO
1120,JetSMART,JA,JAT
1121,JetSMART Argentina,WJ,JES
1122,JetSMART Colombia,J6,JEC
1123,JetSMART Peru,JZ,JAP
1124,Jetspremier,,JPM
1125,Jetstar,JQ,JST
1126,Jetstar Asia,3K,JSA
1127,Jetstar Japan,GK,JJP
1128,JetStream,,JSH
1129,JetStream Charter,,VTB
1130,Jetsuite Air,,RSP
1131,Jettime,JP,JTD
1132,Jetways Airlines,WU,JWX
1133,Jhonlin Air Transport,,JLB
1134,Jiangsu Jingdong Cargo Airlines,JG,JDL
1135,Jiangxi Air,RY,CJX
1136,Jiangxi Express Commuter Aviation,,KXA
1137,Jin Air,LJ,JNA
1138,Jinxiang Airlines,,JXX
1139,Jivair,,JIV
1140,JoinJet,,JNJ
1141,Jonair,,JON
1142,Jonika,,JNK
1143,Jordan - Air Force,,RJZ
1144,Jordan Aviation,R5,JAV
1145,Journey Aviation,,JNY
1146,JoyAir,JR,JOY
1147,JS Aviation,,JSM
1148,JSX,XE,JSX
1149,Jubba Airways,3J,JBW
1150,Jump Air,,JUP
1151,Juneyao Air,HO,DKH
1152,Jung Sky,,JSY
1153,K&R Aviation,,OPN
1154,K-Mile Air,8K,KMI
1155,K5-Aviation Germany,,KAY
1156,KaiserAir,,KAI
1157,Kalitta Air,K4,CKS
1158,Kalitta Charters,K9,KFS
1159,Kalitta Charters II,K5,KII
1160,Kam Air,RQ,KMF
1161,Kamaka Air,,KMK
1162,Kangala Air Express,,KAE
1163,Kargo Xpress,WW,KXP
1164,Karun Airlines,,KRU
1165,Keewatin Air,FK,KEW
1166,Kelowna Flightcraft Air,FK,KFA
1167,Kenai Aviation,,KNW
1168,Kenmore Air,M5,KEN
1169,Kenn Borek Air,4K,KBA
1170,Kent State University,,KSF
1171,Kenya Airways,KQ,KQA
1172,Key Air,,KEY
1173,Key Lime Air,KG,LYM
1174,KhabAvia,,KHF
1175,Kingfisher Air,,BEZ
1176,Kish Air,,KIS
1177,KlasJet,,KLJ
1178,KLM,KL,KLM
1179,KLM Cityhopper,WA,KLC
1180,KM Malta Airlines,KM,KMM
1181,KN Helicopters,,SHW
1182,Komiaviatrans,KO,KMA
1183,Korea Aerospace University,,HGD
1184,Korea Aviation College,,KAG
1185,Korea National University of Transportation,,KTU
1186,Korean Air,KE,KAL
1187,Kosmos Airlines,,KSM
1188,Krasavia,KV,SSJ
1189,Kudlik Aviation,,KUK
1190,Kunming Airlines,KY,KNA
1191,Kuwait Airways,KU,KAC
1192,Kyungwoon University,,WCD
1193,L.J. Aviation,,LJY
1194,L3Harris Airline Academy,,LFA
1195,La Compagnie,B0,DJT
1196,La Costena,LC,NIS
1197,Labcorp,,SKQ
1198,LADE,5U,LDE
1199,LAM,TM,LAM
1200,Lanmei Airlines,LQ,MKR
1201,Lao Airlines,QV,LAO
1202,Lao Skyway,LK,LLL
1203,LAS Cargo,4L,LAU
1204,Laser Airlines,QL,LER
1205,LATAM Airlines,LA,LAN
1206,LATAM Brasil,JJ,TAM
1207,LATAM Cargo,UC,LCO
1208,LATAM Cargo Brasil,M3,LTG
1209,LATAM Cargo Colombia,L7,LAE
1210,LATAM Chile,LU,LXP
1211,LATAM Colombia,4C,ARE
1212,LATAM Ecuador,XL,LNE
1213,LATAM Paraguay,PZ,LAP
1214,LATAM Peru,LP,LPE
1215,Latvia - Air Force,,LAF
1216,Lauda Europe,LW,LDA
1217,Leader,,LSA
1218,LEAV Aviation,KK,NGN
1219,Legacy Airways,,LGF
1220,Legend Airlines,LZ,LAL
1221,Legends Airways,,DVY
1222,Libya - Air Force,,LBF
1223,Libyan Airlines,LN,LAA
1224,Libyan Express,,LXX
1225,Libyan Wings,YL,LWA
1226,Liebherr Aerospace,,LHB
1227,Life Line Aviation,,LLK
1228,Lift,GE,GBB
1229,Lion Air,JT,LNI
1230,Lion Helicopters,,LHE
1231,Lipican Aer,8I,LIP
1232,Lithuania - Air Force,,LYF
1233,Liz Aviation,L0,LAZ
1234,LLC H3Operations,,UHO
1235,Loganair,LM,LOG
1236,Lone Star Aviators,,BST
1237,LongJiang Airlines,LT,SNG
1238,Longtail Aviation,6T,LGT
1239,Loong Air,GJ,CDC
1240,LOT,LO,LOT
1241,Lucky Air,8L,LKE
1242,Lufthansa,LH,DLH
1243,Lufthansa Cargo,,GEC
1244,Lufthansa CityLine,CL,CLH
1245,Lufttransport,,LTR
1246,Lumiwings,L9,LWI
1247,Lunds Universitet,,UNY
1248,Luxair,LG,LGL
1249,Luxaviation,,LXA
1250,Luxaviation Belgium,,AAB
1251,Luxaviation E.A,,LMJ
1252,Luxaviation Germany,,LXG
1253,Luxaviation UK,,LNX
1254,Luxembourg Air Ambulance,,LRQ
1255,Luxwing,BN,LWG
1256,Lydd Air,,LYD
1257,Lynden Air Cargo,L2,LYC
1258,MAE Aircraft Management,MA,MEN
1259,Maersk,DJ,SRR
1260,Magnicharters,UJ,GMT
1261,Mahan Air,W5,IRM
1262,Makers Air,,WMA
1263,Malawi Airlines,3W,MWI
1264,Malaysia - Air Force,,RMF
1265,Malaysia Airlines,MH,MAS
1266,Maldivian,Q2,DQA
1267,Maleth-Aero,DB,MLT
1268,Mali Air,,MAE
1269,Malta Air,,MAY
1270,Malta MedAir,MT,MMO
1271,Manasik Aviation,XN,MNM
1272,Mandarin Airlines,AE,MDA
1273,Mann Yadanarpon Airlines,7Y,MYP
1274,Manta Air,NR,MAV
1275,Map Linhas Aereas,7M,PAM
1276,Marabu,DI,MBU
1277,Marathon Airlines,O8,MTO
1278,Martinair Holland,MP,MPH
1279,Martinaire,,MRA
1280,mas,M7,MAA
1281,Massey University School of Aviation,,MSY
1282,MASwings,MY,MWG
1283,Mater Logistics,,TKH
1284,Mauritania Airlines International,L6,MAI
1285,Mavi Gok Airlines,4M,MGH
1286,Max Air,VM,NGL
1287,Max Aviation,,MAX
1288,Maxair,,NTW
1289,Maximus Airlines,6M,MXM
1290,Maya Island Air,2M,MYD
1291,McCall Aviation,,MKL
1292,McNeely Charter Services,,MDS
1293,MEA,ME,MEA
1294,Med-Trans,,MEK
1295,Medavia,,MDM
1296,Medsky Airways,BM,MNS
1297,Mel Air,5M,MDO
1298,Meraj Airlines,,MRJ
1299,Mercury Air Cargo,4X,MEC
1300,Meridian,,MEM
1301,Meridian Air Company,,MMM
1302,Mermoz-Academy,,MZY
1303,Mesa Airlines,YV,ASH
1304,Mexicana,,MXA
1305,Mexicana,,MEX
1306,Mexico - Air Force,,FAM
1307,Mexico - Government,,MXG
1308,Mexico - Navy,,ANX
1309,MHS Aviation,M2,MHV
1310,Miami Air Lease,,MGD
1311,MIAT Mongolian Airlines,OM,MGL
1312,Mid Africa Aviation,,MFG
1313,Midamerica Jet,,MJR
1314,Middle Georgia State University,,NIT
1315,Middle Tennessee State University,,MTU
1316,Midwest Aviation,,DZR
1317,Midwest Aviation Division,,MWT
1318,Millesime Aviation,,MIM
1319,Mingalar,K7,KBZ
1320,MJet,,MJF
1321,MNG Airlines,MB,MNB
1322,Moalem Aviation,,AMA
1323,Moçambique Expresso,,MXE
1324,Modern Logistics,WD,MWM
1325,Monacair,QM,MCR
1326,Mongolian Airways,XF,MGW
1327,Morningstar Air Express,,MAL
1328,Motor Sich Airlines,M9,MSI
1329,Mountain Air Cargo,,MTN
1330,Mountain Aviation,,FTH
1331,Mountain Flyers,,MFB
1332,Move,,MVE
1333,Multiflight,,MFT
1334,My Freighter,C6,MFX
1335,My Indo Airlines,2Y,MYU
1336,My Jet,,MYJ
1337,My Jet Saver,,MJS
1338,Myanmar Airways International,8M,MMA
1339,Myanmar National Airlines,UB,UBA
1340,MyWay Airlines,MJ,MYW
1341,Naljets,,APX
1342,Nam Air,IN,LKN
1343,Namibia - Defence Force,,NDF
1344,Nantucket Airlines,,ACK
1345,National Air Charters,JY,JYA
1346,National Airlines,N8,NCR
1347,National Airways,9Y,NAE
1348,National Airways Corporation,,NTN
1349,National Jet Express,NC,JTE
1350,National Jet Systems,,QJE
1351,NATO,,OAN
1352,Nauru Airlines,ON,RON
1353,Naysa,ZN,NAY
1354,Neojets,,NJZ
1355,Neos,NO,NOS
1356,Nepal Airlines,RA,RNA
1357,Nesma Airlines,NE,NMA
1358,Netherlands - Coast Guard,,NCG
1359,Netherlands - Navy,,NRN
1360,Netherlands - Royal Air Force,,NAF
1361,NetJets,,EJA
1362,NetJets Europe,,NJE
1363,Netjets UK,,NJU
1364,Network Aviation,,NWK
1365,New England Airlines,EJ,NEA
1366,New England Patriots,,UDG
1367,New Pacific Airlines,7H,RVF
1368,New Way Cargo Airlines,NU,NWY
1369,New Zealand - Royal New Zealand Air Force,,KIW
1370,NG Eagle,2N,XLE
1371,NHC Northern Helicopter,,NHC
1372,NHV,,NHD
1373,NHV Helicopters,,NHZ
1374,Nicholas Air,,JTZ
1375,Niger Airlines,6N,NIN
1376,Nigeria - Air Force,,NGR
1377,Nile Air,NP,NIA
1378,Nippon Cargo Airlines,KZ,NCA
1379,Nok Air,DD,NOK
1380,Nolinor Aviation,N5,NRL
1381,Nomad Aviation,,NUM
1382,Nomadic Aviation,,OMD
1383,Noordzee Helikopters Vlaanderen,,NHX
1384,Nordic Unmanned,,NOU
1385,Nordica,ND,NDA
1386,NordStar,Y7,TYA
1387,Nordwind Airlines,N4,NWS
1388,Norlandair,,FNA
1389,NORRA,N7,FCM
1390,Norse,N0,NBT
1391,Norse UK,Z0,UBT
1392,Norsk Luftambulanse,,DOC
1393,North Cariboo Air,,NCB
1394,North Central,,NCJ
1395,North Flying,,NFA
1396,North Pole Parcel Service,,R3D
1397,North Star Aviation,,MVK
1398,North-West Air Company,0E,NWC
1399,North-Western Cargo International Airlines,CO,CNW
1400,North-Wright Airways,HW,NWL
1401,Northeastern Aviation Corporation,,NEW
1402,Northern Air,,NLI
1403,Northern Air Cargo,NC,NAC
1404,Northern Jet Management,,NJM
1405,Northern Thunderbird Air,,NTA
1406,Northway Aviation,,NAL
1407,Northwest Flyers,,NWF
1408,Northwestern Air,J3,PLR
1409,Norway - Air Force,,NOW
1410,Norwegian,DY,NOZ
1411,Norwegian Air Sweden,D8,NSZ
1412,Nouvelair Tunisie,BJ,LBT
1413,Nova Airways,,NOV
1414,Novair,NG,NAI
1415,NovaJet,,NOJ
1416,Novoair,VQ,NVQ
1417,Nxt Jet,,KPO
1418,Nyxair,OJ,NYX
1419,Offshore Helicopter Services,,ULR
1420,Ohio State University,,OSU
1421,OK Aviation,,NTF
1422,Okay Airways,BK,OKA
1423,Oklahoma State University,,OST
1424,Olympic Air,OA,OAL
1425,Olympus Airways,,OLY
1426,Oman - Royal Air Force,,MJN
1427,Oman Air,WY,OMA
1428,Omni Air International,OY,OAE
1429,Omni Air Transport,,DRL
1430,Omni Aviation,,OAV
1431,Omni Taxi Aereo,,OMI
1432,One Air,HC,HGO
1433,One Airways,OX,OEW
1434,Orbest,6O,OBS
1435,Oriental Air Bridge,OC,ORC
1436,Origin Air,OG,OGN
1437,Ornge Air,,PUL
1438,Ortac,,ORT
1439,Oscar Jet,,OSJ
1440,OSM Aviation Academy,,SCQ
1441,OTT Airlines,JF,OTT
1442,Overland Airways,OF,OLA
1443,Owenair,,OWE
1444,Oyonnair,,OYO
1445,P80 Air,,PMG
1446,Paccair,,WIS
1447,Pacific Coast Jet,,PXT
1448,Pacific Coastal Airlines,8P,PCO
1449,PADAviation,,PVD
1450,Pakistan International Airlines,PK,PIA
1451,PAL Aerospace,,SPR
1452,PAL Airlines,PB,PVL
1453,PAL Express,2P,GAP
1454,Palau Express Airlines,P9,PXC
1455,Pan American Airways,PN,PAA
1456,Pan Europeenne,,EUP
1457,Pan Europeenne Air Service,,PEA
1458,Panaviatic,,VPC
1459,Panellenic Airlines,,RJB
1460,Panorama Airways,5P,UZP
1461,Panorama Aviation,,PNO
1462,Paranair,ZP,AZP
1463,Pascan Aviation,P6,PSC
1464,PassionAir,OP,DIG
1465,Patient Airlift Services,,PLZ
1466,Patria Pilot Training,,PPT
1467,Patriot Aviation,,PTT
1468,PDG Aviation Services,,PDG
1469,Peach,MM,APJ
1470,Pegasus,PC,PGT
1471,Pegasus Elite Aviation,,PEG
1472,Pel-Air,,PFY
1473,Pelita Air,IP,PAS
1474,People's,PE,PEV
1475,Performance Air,,PRZ
1476,Perimeter Aviation,YP,PAG
1477,Peru - Air Force,,FPR
1478,Peru - Navy,,INP
1479,Petroleum Air Service,UF,PER
1480,Petropavlovsk-Kamchatsky Air,,PTK
1481,PHI,,PHM
1482,Philippine Airlines,PR,PAL
1483,Philippines AirAsia,Z2,APG
1484,Phoenix Aerospace,,PIX
1485,Phoenix Air,PH,GRB
1486,Phoenix East Aviation,,JED
1487,Piedmont Airlines,PT,PDT
1488,Pilatus Flugzeugwerke,,PCH
1489,Pilot Flight Academy,,PIP
1490,Pineapple Air,,PNP
1491,Pink Sparrow,,SOW
1492,Pivot Airlines,ZX,GGN
1493,PixAir Survey,,PXR
1494,Placar Linhas Aereas,,PLS
1495,Planemaster Services,,PMS
1496,PlaneSense,,CNS
1497,Planet 9,,PVA
1498,Platoon Aviation,,PTN
1499,Play,OG,FPY
1500,Plus Ultra,PU,PUE
1501,PNG Air,CG,TOK
1502,Pobeda,DP,PBD
1503,Poland - Air Force,,PLF
1504,Poland - Navy,,PNY
1505,Polar Air Cargo,PO,PAC
1506,Polar Airlines,PI,RKA
1507,Polish Medical Air Rescue,,LPR
1508,populAir,HP,APF
1509,Porter,P3,PTR
1510,Porter Airlines Canada,PD,POE
1511,Portugal - Air Force,,AFP
1512,Portugal - Army,,POA
1513,Portugal - Navy,,PON
1514,Portugalia Airlines,NI,PGA
1515,Poste Air Cargo,M4,MSA
1516,Pradhaan Air Express,6P,PRX
1517,Pratt and Whitney,,PWC
1518,Precision Air,PW,PRF
1519,Precision Aircraft Management,,PRE
1520,Premier Jets,,PJI
1521,Premier Private Jets,,MVP
1522,Presidential Aviation,,PRD
1523,Priester Aviation,,PWA
1524,Prime Aviation.,,PKZ
1525,Prince Aviation,,PNC
1526,Priority Air Charter,,PRY
1527,Privaira,,PVO
1528,Private Jet Center,,PJC
1529,Private Jets,,OKC
1530,Private Wings,JW,PWF
1531,Privilege Style,P6,PVG
1532,ProAir Aviation,,PAV
1533,Proflight Zambia,P0,PFZ
1534,Propair,,PRO
1535,PSA Airlines,OH,JIA
1536,Purdue University,,PDU
1537,QA Aviation,,QAV
1538,Qanot Sharq,HH,QNT
1539,Qantas,QF,QFA
1540,QantasLink,,QLK
1541,Qatar - Amiri Flight,,QAF
1542,Qatar Airways,QR,QTR
1543,Qatar Executive,QE,QQE
1544,Qayatawa Air,,QYT
1545,Qazaq Air,IQ,QAZ
1546,Qeshm Airlines,QB,QSM
1547,QinetiQ,,EIS
1548,QinetiQ / Empire Test Pilots School,,ETP
1549,Qingdao Airlines,QW,QDA
1550,Qingdao Jiutian International Flight Academy,,QJT
1551,Quanta Aviation Services,,PWR
1552,Quest Diagnostics,,LBQ
1553,Quick Air Jet Charter,,QAJ
1554,Quikjet Cargo Airlines,QO,FQA
1555,RAF-Avia,MT,MTL
1556,Raindo United Service,R0,RBF
1557,RAM Express,,RXP
1558,Rano Air,R4,RAN
1559,Ravenair,,RVR
1560,Raya Airways,TH,RMY
1561,REACH Air Medical Services,,REH
1562,Real Tonga Airline,,RLT
1563,Really Cool Airlines,,LUV
1564,Rectimo Air Transports,,RTO
1565,Rectrix Aviation,,RIX
1566,Red Air,L5,REA
1567,Red Sea Airlines,4S,RSX
1568,Red Wing Aviation,,LAK
1569,Red Wings,WZ,RWZ
1570,Redding Aero Enterprises,,BXR
1571,Redstar Aviation,,RHH
1572,Reeve Air Alaska,,RVV
1573,REGA Swiss Air-Ambulance,,SAZ
1574,REGA Swiss Air-Rescue,,RGA
1575,Regency Air,,RGY
1576,Regional Air Services,8N,REG
1577,Reliable Airlines,,HPN
1578,Reliant Air,,RLI
1579,Renegade Air,,RNG
1580,Rennia Aviation,,RNI
1581,Republic Airways,YX,RPA
1582,Revv Aviation,,FRV
1583,Rex,ZL,RXA
1584,RGA-Black Stone Airlines,,RGM
1585,Rhoades Aviation,T4,RDS
1586,Richland Aviation,,RCA
1587,Richmor Aviation,,RJC
1588,Rimbun Air,RI,OEY
1589,RiseAir,4T,WEW
1590,Riyadh Air,,RXI
1591,Romania - Air Force,,ROF
1592,ROMCargo Airlines,NJ,RCR
1593,Roraima Airways,,ROM
1594,Rose Air,,REM
1595,Rossiya,FV,SDM
1596,Rotana Jet,RG,RJD
1597,Royal Air Freight,,RAX
1598,Royal Air Maroc,AT,RAM
1599,Royal Brunei Airlines,BI,RBA
1600,Royal Jordanian,RJ,RJA
1601,Royal Wings,JO,RYW
1602,Royalair Philippines,RW,RYL
1603,RS Avia,,URA
1604,Rubystar,,RSB
1605,Ruili Airlines,DR,RLH
1606,RusJet,,RSJ
1607,Rusline,7R,RLU
1608,Russia - 223rd Flight Unit State Airline,,CHD
1609,Russia - 224th Flight Unit State Airline,,TTF
1610,Russia - Air Force,,RFF
1611,Russia - Ministry of Emergency Situations (MChS),,SUM
1612,Russia - National Guard,,RIF
1613,Russia - Special Flight Squadron,,RSD
1614,Rutaca Airlines,5R,RUC
1615,RVL Aviation,,REV
1616,RwandAir,WB,RWD
1617,RWL German Flight Academy,,RWL
1618,Ryan Air (USA),7S,RYA
1619,Ryanair,FR,RYR
1620,Ryanair UK,RK,RUK
1621,S7 Airlines,S7,SBI
1622,SA Red Cross Air Mercy Service,,AMD
1623,SAAB Aircraft,,SCT
1624,SAAB Nyge Aero,,TGT
1625,SAF Helicopteres,,SHP
1626,Safari Express Cargo,ZF,SXY
1627,Safarilink Aviation,F2,XLK
1628,Saha Airlines,,IRZ
1629,Sahel Aviation Service,,SAO
1630,Saint Louis University,,BKN
1631,SalamAir,OV,OMS
1632,Salzburg Jet Aviation,,MOZ
1633,Sama Airline,,SDP
1634,Samoa Airways,OL,PAO
1635,San Marino Executive Aviation,,SMF
1636,Sansa,RZ,LRS
1637,Sapsan Airline,S2,KGB
1638,Sardinian Sky Service,,SSR
1639,SAS,SK,SAS
1640,SAS Connect,SL,SZS
1641,SAS Link,,SVS
1642,SATA Air Acores,SP,SAT
1643,Satena,9R,NSE
1644,Saudi Arabia - Air Force,,RSF
1645,Saudi Arabia - Royal Flight,,SRA
1646,Saudia,SV,SVA
1647,Saurya Airlines,,SAU
1648,Sawyer Aviation,,SJA
1649,SaxonAir,,SXN
1650,SC Aviation,,COL
1651,Scanwings,,ABF
1652,SCAT,DV,VSV
1653,Schmiedel Air Service,,SAB
1654,Scoot,TR,TGW
1655,Seaborne,BB,SBS
1656,SEair International,XO,SGD
1657,Searca,,SRC
1658,Secure Air Charter,,JCM
1659,SelectJet,,JSL
1660,Sepehran Airlines,IS,SHI
1661,Serbia - Air Force,,SRB
1662,Serene Air,ER,SEP
1663,Servicios Optimos de Aeroenlace,,ENL
1664,Servizi Aerei,,SNM
1665,Sevenair,,RVP
1666,Severstal Aircompany,D2,SSF
1667,SF Airlines,O3,CSS
1668,Shandong Airlines,SC,CDG
1669,Shandong Dagao International Flight Academy,,RXF
1670,Shanghai Airlines,FM,CSH
1671,Shell Aviation,,PEX
1672,Shenzhen Airlines,ZH,CSZ
1673,Shirak Avia,5G,SHS
1674,Shree Airlines,N9,SHA
1675,Shuttle America,S5,TCF
1676,Siam General Aviation,5E,SGN
1677,Sichuan Airlines,3U,CSC
1678,Sideral Linhas Aereas,,SID
1679,Sierra Charlie Aviation,,SCA
1680,Sierra Pacific Airlines,SI,SPA
1681,Sierra West Airlines,,PKW
1682,Silesia Air,,SUA
1683,Silk Way Airlines,ZP,AZQ
1684,Silk Way West Airlines,7L,AZG
1685,Silkavia,US,USA
1686,Silver Air,,SIS
1687,Silver Air,,SLD
1688,Silver Airways,3M,SIL
1689,Silver Cloud Air,,SCR
1690,Silverhawk Aviation,,SLH
1691,Singapore - Air Force,,SAF
1692,Singapore Airlines,SQ,SIA
1693,Singapore Airlines Cargo,,SQC
1694,Sino Jet,,SJM
1695,Sino Jet Beijing,,JBE
1696,Sirio,,SIO
1697,Sirius Aero,SA,CIG
1698,SKS Airways,KI,SJB
1699,Sky Airline,H2,SKU
1700,Sky Airline Peru,H8,SKX
1701,Sky Angkor Airlines,ZA,SWM
1702,Sky Bus,,HVY
1703,Sky Cana,RD,SNA
1704,SKY express,GQ,SEH
1705,Sky Fru,,KGZ
1706,Sky Helicopteros,,HSY
1707,Sky Jet M.G.,DU,LIZ
1708,Sky KG Airlines,,KGK
1709,Sky Lease Cargo,GG,KYE
1710,Sky Mali,ML,FML
1711,Sky Prime Aviation,,SPD
1712,Sky Quest,,ERY
1713,Sky Shuttle Helicopters,A7,HHK
1714,Sky Vision Airlines,SE,SVI
1715,SkyAlps,BQ,SWU
1716,Skyborne Airline Academy,,SFY
1717,Skybus,,IOS
1718,SkyCare,,PHX
1719,Skyfirst,,KFE
1720,SKYhigh Dominicana,DO,SHH
1721,SkyJet Airlines,M8,MSJ
1722,Skyline Express,QU,UTN
1723,SkyLink Express,,SLQ
1724,Skymark Airlines,BC,SKY
1725,Skymark Executive,,SMB
1726,Skypower Express Airways,NV,EAN
1727,Skyservice Business Aviation,,SYB
1728,Skyside,,SKV
1729,Skytaxi,TE,IGA
1730,Skytrack Systems,,TTQ
1731,Skytrans,QN,SKP
1732,SkyUp Airlines,PQ,SQP
1733,SkyUp MT,U5,SEU
1734,Skyvalue Airways,4A,DYN
1735,Skyward Express,OW,SEW
1736,Skyway Enterprises,,SKZ
1737,SkyWest Airlines,OO,SKW
1738,SkyWest Charter,CW,SCW
1739,Slam Lavori Aerei,,SLJ
1740,Sloane Helicopters,,SLN
1741,Slovakia - Air Force,,SQF
1742,Slovakia - Government,,SSG
1743,Slovenia - Air Force,,LSV
1744,Slovenia - Government,,GSI
1745,Smart Aviation,,SME
1746,Smart Jet,,SAH
1747,Smart Jet International,,SJI
1748,Smartavia,5N,AUL
1749,Smartline,,SMG
1750,SmartLynx,6Y,ART
1751,SmartLynx Estonia,,MYX
1752,SmartLynx Malta,2N,LYX
1753,Smartwings,QS,TVS
1754,Smartwings Hungary,7O,TVL
1755,Smartwings Poland,3Z,TVP
1756,Smartwings Slovakia,6D,TVQ
1757,Solairus Aviation,,TWY
1758,Solaseed Air,6J,SNJ
1759,Solenta Aviation,,SET
1760,Solenta Aviation Cote D'Ivoire,,SIV
1761,Solenta Aviation Gabon,,SVG
1762,Solinair,ZS,SOP
1763,Solomon Airlines,IE,SOL
1764,Soma Jets,,OZK
1765,Somon Air,SZ,SMR
1766,Sounds Air,,SDA
1767,South Africa - Air Force,,LMG
1768,South African Airways,SA,SAA
1769,Southern Air Charter,PL,SOA
1770,Southern Airways Express,9X,FDY
1771,Southern Cross International,,SXI
1772,Southwest Aircraft Charter,,CAK
1773,Southwest Airlines,WN,SWA
1774,Southwind Airlines,2S,STW
1775,Spain - Air Force,,AME
1776,Spain - Army,,ETF
1777,Spain - Coast Guard,,SSM
1778,Spain - Guardia Civil,,DGC
1779,Spain - National Police,,DGP
1780,Sparfell Luftfahrt,,LDX
1781,Sparfell Malta,,QFX
1782,Spartan College of Aeronautics and Technology,,SCU
1783,Specialist Aviation Services,,PLC
1784,SpiceJet,SG,SEJ
1785,Spirit Airlines,NK,NKS
1786,SpiritJets,,SJJ
1787,Spree Flug,,SFG
1788,Spring Airlines,9C,CQH
1789,Spring Japan,IJ,SJO
1790,SprintAir,P8,SRN
1791,SprintAir Cargo,,SAR
1792,SR Jet,,QSR
1793,SriLankan Airlines,UL,ALK
1794,Sriwijaya Air,SJ,SJY
1795,St Barth Commuter,PV,SBU
1796,St Barth Executive,LE,STB
1797,STAjets,,KFB
1798,Star Air,S5,SDG
1799,Star Air Cargo,,BRH
1800,Star East Airlines,4R,SEK
1801,Star Fly Wings,,SYW
1802,Star Peru,2I,SRU
1803,Star Wings,,STQ
1804,Star Work Sky,,SWP
1805,Starflyer,7G,SFJ
1806,Stark Airways,,XSK
1807,Starlink Aviation,Q4,TLK
1808,Starlite Aviation,,TRL
1809,Starlux,JX,SJX
1810,Sterling Airways,VC,SRY
1811,Sterling Aviation,,NSH
1812,STP Airways,8F,STP
1813,Su Airlines,,SUE
1814,Suburban Air Freight,,SUB
1815,Sudan Airways,SD,SUD
1816,Summit Air,,SUT
1817,Summit Aviation,,YEL
1818,Sun Air,,SAV
1819,Sun Air,SO,SNR
1820,Sun Country Airlines,SY,SCX
1821,Sun-Air,EZ,SUS
1822,Sunclass Airlines,DK,VKG
1823,Suncor Energy,,JSN
1824,Sundair,SR,SDR
1825,Sundt Air,,AKK
1826,Sundt Air,,MDT
1827,SunExpress,XQ,SXS
1828,Sunkar Air,,BBK
1829,Sunlight Air,2R,RLB
1830,Sunrise Airways,S6,KSZ
1831,Sunstate Airlines,,SSQ
1832,Sunwest Aviation,,CNK
1833,Sunwing Airlines,WG,SWG
1834,Suparna Airlines,Y8,YZR
1835,Super Air Jet,IU,SJV
1836,Supernova Airlines,P7,NPG
1837,Surf Air,,URF
1838,Surinam Airways,PY,SLM
1839,Surveillance Australia,,BDF
1840,Susi Air,,SQS
1841,Suzhou Aviation,,CBW
1842,Svensk Luftambulans,,SWV
1843,Svenskt Ambulansflyg,,SWE
1844,Svenskt Industriflyg,,JET
1845,SVG Air,,SVD
1846,Sweden - Armed Forces,,SVF
1847,Sweden - Coast Guard,,KBV
1848,Sweden - Police,,POL
1849,Sweden - Swedish Maritime Administration,,HMF
1850,Swift Copters,,WFC
1851,Swiftair,WT,SWT
1852,Swiftair Hellas,,MDF
1853,Swiss,LX,SWR
1854,Swiss Flight Services,,SFS
1855,Swiss Helicopter,,HSI
1856,Swiss Private Jet,,SWW
1857,Switzerland - Air Force,,SUI
1858,SXM Airways,,SXM
1859,Sylt Air,7E,AWU
1860,Syncrude Canada,,SYN
1861,Syphax Airlines,Y3,SYA
1862,Syrian Air,RB,SYR
1863,T'way Air,TW,TWB
1864,TAAG Angola Airlines,DT,DTA
1865,TAB Cargo,2L,BOL
1866,Taban Airlines,,TBN
1867,TAG Aviation,,VIP
1868,TAG Aviation Asia,,TBJ
1869,TAG Aviation Cayman,,TCJ
1870,TAG Aviation Malta,,TEU
1871,TAG Aviation San Marino,,TAG
1872,TagAirlines,5U,TGU
1873,Taiga Air,,TGA
1874,Tailwind Airlines,TI,TWI
1875,Tajik Air,7J,TJK
1876,Talon Air,,TFF
1877,Tanana Air Service,Z3,TNR
1878,TAP Air Portugal,TP,TAP
1879,Taquan Air,K3,TQN
1880,TAR Aerolineas,YQ,LCT
1881,Tarco Aviation,3T,TQQ
1882,Tarom,RO,ROT
1883,Tashkent Air,,TSK
1884,Tasman Cargo Airlines,HJ,TMN
1885,Tassili Airlines,SF,DTH
1886,Tatra JET,,TTJ
1887,Tbilisi Airways,TD,TBC
1888,TCA,N6,TZS
1889,Team Global Express,,TFX
1890,Tennessee Valley Authority,,VLY
1891,Terra Avia,T8,TVR
1892,Texel Air,,XLR
1893,Texel Air Australasia,,TNZ
1894,Tez Jet Airlines,K9,TEZ
1895,Thai AirAsia,FD,AIQ
1896,Thai AirAsia X,XJ,TAX
1897,Thai Airways,TG,THA
1898,Thai Lion Air,SL,TLM
1899,Thai VietJet Air,VZ,TVJ
1900,Thalair,,TLJ
1901,Thales UK Flight Inspection Service,,CLB
1902,The Little Jet Company,,LJC
1903,The Mitre Corporation,,MIP
1904,Thrive,,TIV
1905,Thrust Flight,,TRF
1906,Thunder Airlines,,THU
1907,Tianjin Air Cargo,HT,CTJ
1908,Tianjin Airlines,GS,GCR
1909,Tibet Airlines,TV,TBA
1910,Tigerair Taiwan,IT,TTW
1911,Time Air,,TIE
1912,Tinadar Jets,,NAD
1913,Titan Airways,ZT,AWC
1914,Titan Airways Malta,TM,TMT
1915,Total Express,,TOT
1916,Total Linhas Aereas,0T,TTL
1917,Toyo Aviation,,TOY
1918,Trade Air,C3,TDR
1919,Tradewind Aviation,TJ,GPD
1920,Trans Air Congo,Q8,TSG
1921,Trans Am Aero Express del Ecuador,7T,RTM
1922,Trans Guyana Airways,,TGY
1923,Trans Island Airways,,GGT
1924,Trans Maldivian Airways,,TMW
1925,Transair,R2,GTS
1926,Transair,R9,MUI
1927,Transavia,HV,TRA
1928,Transavia France,TO,TVF
1929,Transaviabaltika,,KTB
1930,Transaviaexport Airlines,,TXC
1931,TransNusa,8B,TNU
1932,Travel Management Company,,TMC
1933,Travira Air,,TVV
1934,Trebet Aviation,,AOO
1935,Tri-State Aero,,TSS
1936,Trident Aircraft,,WMN
1937,Trigana Air,IL,TGN
1938,Tropic Air,9N,TOS
1939,Tropic Ocean Airways,TI,FTO
1940,Tsaradia,TZ,TDS
1941,TUI Airlines Belgium,TB,JAF
1942,TUI Airlines Netherlands,OR,TFL
1943,TUI Airways,BY,TOM
1944,TUI fly,X3,TUI
1945,TUI fly Nordic,6B,BLX
1946,Tulpar,,RFE
1947,TUM AeroCarga,T2,MCS
1948,Tunisair,TU,TAR
1949,Tunisair Express,UG,TUX
1950,Tunisia - Air Force,,TUN
1951,Turkey - Air Force,,HVK
1952,Turkey - Government,,TRK
1953,Turkish Airlines,TK,THY
1954,Turkmenistan - Government,,TUG
1955,Turkmenistan Airlines,T5,TUA
1956,Turpial Airlines,T9,VTU
1957,Tus Air,U8,CYF
1958,Twin Jet,T7,TJT
1959,Tyrol Air Ambulance,,TYW
1960,Tyrolean Jets & Services,,TJS
1961,Tyrolean Jets & Services Malta,,TYJ
1962,UG Jet,,UGJ
1963,Uganda Airlines,UR,UGD
1964,Ukraine - State Air Traffic Service,,UTS
1965,Ukraine Air Alliance,,UKL
1966,Ukraine International Airlines,PS,AUI
1967,Ukrainian Wings,,UWJ
1968,ULS Airlines Cargo,GO,KZU
1969,Ultimate Jet,UE,UJC
1970,UmzaXpress,,UMZ
1971,UND Aerospace,,NDU
1972,UNI Air,B7,UIA
1973,Uni-Fly,,UNC
1974,Uni-Fly Heliworx,,UFX
1975,Uni-Top Airlines,UW,UTP
1976,Unicair,,UNI
1977,Union Aviation,,UAG
1978,Unique Air,,UQA
1979,United Airlines,UA,UAL
1980,United Arab Emirates - Air Force,,UAF
1981,United Aviate Academy,,VAR
1982,United Eagle,,UEE
1983,United Kingdom - Air Ambulance,,HLE
1984,United Kingdom - Army Air Corps,,AAC
1985,United Kingdom - Coast Guard,,SRD
1986,United Kingdom - Maritime and Coastguard Agency,,SRG
1987,United Kingdom - RAF Support Helicopter Force,,SHF
1988,United Kingdom - RAF Warton Military Flight Ops,,WTN
1989,United Kingdom - Royal Air Force,,RFR
1990,United Kingdom - Royal Air Force Air Transport,,RRR
1991,United Kingdom - Royal Navy,,NVY
1992,United Kingdom - UK Royal/VIP Flights,,KRF
1993,United Nations,,UNO
1994,United Nigeria Airlines,UN,NUA
1995,United States - Air Force,,RCH
1996,United States - FAA,,NHK
1997,United States - NASA,,IGY
1998,United States - NOA,,NOA
1999,United States - US Department of Interior,,DOI
2000,United States - US Department of Justice,,DOJ
2001,United States - US Department of State,,DOS
2002,United States - US Forest Service,,XCN
2003,United States - US Immigration and Customs Enforcement,,RPN
2004,United States - US Marshals Service,,MSH
2005,Universal Air,VO,UVL
2006,University of Central Missouri,,UCM
2007,University of Oklahoma,,OUA
2008,Uniworld Air Cargo,U7,UCG
2009,UPS,5X,UPS
2010,UR Airlines,UD,UBD
2011,Ural Airlines,U6,SVR
2012,Urumqi Air,UQ,CUH
2013,US-Bangla Airlines,BS,UBG
2014,USA Jet Airlines,UJ,JUS
2015,USC,XG,USY
2016,Utair,UT,UTA
2017,UVT Aero,RT,UVT
2018,Uzbekistan Airways,HY,UZB
2019,Valair,,VVV
2020,Valletta Airlines,,HOT
2021,VallJet,,VLJ
2022,ValueJet,VK,FVJ
2023,Van Air Europe,V9,VAA
2024,Varesh Airlines,,VRH
2025,Vasco,0V,VFC
2026,Venezolana,WW,VNE
2027,Ventura,,VNT
2028,Venture Aviation Group,,VET
2029,Venture West,,VWA
2030,VeriJet,,WSP
2031,Via Air,,VID
2032,Victory Air,,FTN
2033,Vieques Air Link,V4,VES
2034,VietJet Air,VJ,VJC
2035,Vietnam Airlines,VN,HVN
2036,Vietravel Airlines,VU,VAG
2037,Virgin Atlantic,VS,VIR
2038,Virgin Atlantic International,,VGI
2039,Virgin Australia,VA,VOZ
2040,Virgin Australia Regional,,OZW
2041,Vista America,,VJA
2042,VistaJet,,VJT
2043,VistaJet,H5,VJH
2044,Vistara,UK,VTI
2045,VivaAerobus,VB,VIV
2046,VoePass,2Z,PTB
2047,Volare Aviation,,VLZ
2048,Volaris,Y4,VOI
2049,Volaris Costa Rica,Q6,VOC
2050,Volaris El Salvador,N3,VOS
2051,Volato,,TMB
2052,Volga-Dnepr Airlines,VI,VDA
2053,Volotea,V7,VOE
2054,Voluxis,,VXS
2055,Voyage Air,,VRG
2056,Voyageur Airways,VC,VAL
2057,Vueling,VY,VLG
2058,VW Air Service,,BTX
2059,Wamos Air,EB,PLM
2060,Warbelows Air Ventures,4W,WAV
2061,Wasaya Airways,WP,WSG
2062,Wermlandsflyg,,SWX
2063,Wermlandsflyg,,BLW
2064,West Air,PN,CHB
2065,West Air,,PCM
2066,West Air Sweden,T2,SWN
2067,West Atlantic,,NPT
2068,West Coast Charters,,WCC
2069,West Link Airlines,,WLN
2070,Westair Aviation,,WAA
2071,Westair Helicopter Saudi,,WSH
2072,Western Air,WU,WST
2073,Western Air Express,,WAE
2074,Western Aircraft,ST,STT
2075,Western Global Airlines,KD,WGN
2076,Western Michigan University College of Aviation,,WMU
2077,WestJet,WS,WJA
2078,WestJet Encore,WR,WEN
2079,Wheels Up,,WUP
2080,White,WI,WHT
2081,Wideroe,WF,WIF
2082,Wiggins Airways,,WIG
2083,Wiking Helikopter Service,,WHS
2084,Winair,WM,WIA
2085,Windrose Air Jetcharter,,QGA
2086,Windrose Airlines,7W,WRC
2087,Wing Aviation,,CWG
2088,Wingo,,RPB
2089,Wingo Panama,WH,WWP
2090,Wings Air,IW,WON
2091,Wizz Air,W6,WZZ
2092,Wizz Air Abu Dhabi,5W,WAZ
2093,Wizz Air Malta,W4,WMT
2094,Wizz Air UK,W9,WUK
2095,Woodgate Aviation,,CWY
2096,World Atlantic Airlines,WL,WAL
2097,World Cargo Airlines,3G,WCM
2098,World2Fly,2W,WFL
2099,World2Fly Portugal,3P,WPT
2100,Worldwide Jet Charter,,WWI
2101,Wright Air Service,8V,WRF
2102,XE Jet,,XEJ
2103,Xead Aviation,,XED
2104,Xfly,EE,EST
2105,Xiamen Air,MF,CXA
2106,Xinjiang Skylink General Aviation,,KGA
2107,Xo,,XOJ
2108,Yakutia Airlines,R3,SYL
2109,Yamal Airlines,YC,LLM
2110,YanAir,YE,ANR
2111,Yazd Airways,,DZD
2112,Yemenia,IY,IYE
2113,Yeti Airlines,YT,NYT
2114,YTO Cargo Airlines,YG,HYT
2115,Z Air,7Z,EZR
2116,Zafer Air,,HMZ
2117,Zagros Airlines,ZO,IZG
2118,Zambia Airways,ZN,AZB
2119,Zanair,,TAN
2120,Zenflight,,XEN
2121,Zenith Aviation,,BZE
2122,Zetavia,ZK,ZAV
2123,Zeusch Aviation,,SUZ
2124,Zhou Ji Airlines,,JCN
2125,Zil Air,,SYZ
2126,Zimex Aviation,XM,IMX
2127,Zimex Aviation Austria,ZX,AZD
2128,Zipair,ZG,TZP
2129,Zooom,ZO,ZOM
2130,Zorex,,ORZ
2131,ZYB Lily Jet,,MZT
